patient,class_1,G1,G2,G3,G4,G5,G6,G7,G8,G9,G10,G11,G12
P1,ISNF,303592.1205,129779.8378,17188.10352,212050.985,28196.21476,13711.85786,35921.20508,144650.4442,96176.12976,10428.73696,7338.740826,965.623793
P2,ISNF,240865.111,272509.9601,103130.3358,143653.9556,68639.72682,113261.2408,5691.519636,0,24815.02561,1821.286284,24815.02561,796.8127491
P3,ISNF,682617.3368,0,21097.69149,175049.6866,2751.872802,11771.90032,18498.70051,10395.96392,0,60541.20165,0,17275.64593
P4,ISFL,162158.4227,193497.0598,71947.42306,468350.0519,31407.81737,8993.42788,11829.81667,0,33414.04359,13628.50225,2628.84815,2144.586648
P5,ISNF,546485.8201,117385.9433,59926.01724,169050.5548,54870.5302,11220.71516,8261.405669,12577.06535,1479.654747,17385.94328,1356.350185,0
P6,ISNF,340752.1106,30314.65846,293937.0682,184190.33,56792.01841,0,31849.57789,0,13814.27475,35303.14658,13046.81504,0
P7,ISNF,336433.2604,0,132385.1203,334518.5996,8205.689278,0,12582.05689,27078.77461,120350.1094,15043.76367,13402.62582,0
P8,ISNF,0,0,0,89614.74036,0,401172.5293,197654.9413,0,67839.19598,144891.1223,10050.25126,88777.21943
P9,ISNF,205092.3335,0,0,55679.91047,0,0,140458.8696,0,0,25181.86906,501678.7912,71908.22608
P10,ISNF,845407.8722,0,0,106674.2727,5134.055903,0,0,19395.32231,0,23388.4769,0,0
P11,ISFL,634051.542,28052.38699,8196.028729,146514.5754,59822.5602,2872.834812,14533.16435,63455.85129,30840.72665,6759.611322,2534.854247,2365.863963
P12,ISNF,762963.7549,6842.72426,2993.691863,99540.25446,24056.45248,37314.23073,0,0,42018.60366,19779.74981,4490.537795,0
P13,ISFL,387024.6085,0,0,0,0,0,114093.9597,147651.0067,0,351230.425,0,0
P14,ISFL,278333.3333,12333.33333,41000,313000,38666.66667,36000,35666.66667,116666.6667,105666.6667,22666.66667,0,0
P15,ISNF,305511.811,67716.53544,108136.4829,425196.8504,29396.32546,0,0,45144.35696,18897.6378,0,0,0
P16,ISFL,628153.5903,0,0,81092.32048,156154.6992,0,8525.090103,11158.85777,50734.68255,43249.23759,8733.019128,12198.50291
P17,ISNF,624909.9601,1113.221138,0,182568.2666,10739.3098,79759.02037,15192.19436,3798.048589,46165.93544,12376.39971,851.2867525,22526.35715
P18,ISNF,484110.4841,93258.09326,37273.53728,220077.22,18265.51828,37273.53728,14553.01456,3267.003268,64300.56432,17820.01782,0,9801.009802
P19,ISNF,756113.4964,29120.77655,18573.82863,100709.3522,40881.09016,0,6906.85085,2613.403024,24173.97798,5413.477693,15493.74649,0
P20,ISNF,530138.6377,2310.628894,34960.81978,158629.6966,22302.59191,33654.81215,20494.27366,36266.82742,130701.2257,23508.13745,5324.492668,1707.856138
P21,ISNF,672804.6365,0,1027.070648,129777.7126,0,13351.91842,3227.936323,95517.57026,0,77984.00704,6309.148266,0
P22,ISNF,555514.5703,102176.3187,16230.17337,137772.0398,46292.88085,42050.90373,0,0,99963.11324,0,0,0
P23,ISFL,586485.1235,90141.20022,48411.49774,120020.1715,30131.11447,0,14120.02017,0,13867.87696,38451.84065,58371.15482,0
P24,ISNF,501245.8021,117755.3895,33582.49377,121113.6388,40190.6619,2166.6125,10833.06251,0,52973.67566,24049.39878,88289.45943,7799.805004
P25,ISNF,403687.5304,136341.5818,11483.09882,329451.7224,15688.17726,1940.805434,12938.70289,14394.30697,28626.88016,33802.3613,6792.819019,4852.013585
P26,ISNF,238964.0214,19520.28579,319469.2523,178106.6599,99387.59889,29089.05334,10334.26895,33809.64531,34447.56316,20285.78719,0,16585.86374
P27,ISNF,179924.2425,11363.63636,39772.72727,345643.9394,81439.39393,85227.27273,49242.42423,0,38825.75757,106060.6061,62499.99999,0
P28,ISNF,396421.7252,41277.95528,10862.61981,441916.9329,17891.3738,0,5750.798722,32587.85942,37955.27157,9840.255593,0,5495.207667
P29,ISNF,645606.5625,42514.59221,2445.180627,219514.119,17037.3876,0,2602.934216,13487.93185,37387.60057,6625.650735,709.8911501,12068.14955
P30,ISNF,165327.2101,8036.739381,29850.74627,380022.9621,0,0,129735.9357,25258.32377,18369.69001,144661.3089,83811.71068,14925.37313
P31,ISNF,790721.6495,17432.05249,1312.089972,110028.1162,25585.75445,22680.41237,4311.152765,0,9184.629802,4498.594189,12839.73758,1405.810684
P32,ISNF,234351.3104,0,11046.13385,289365.3888,22525.44943,161360.1906,31622.26554,135585.8783,9313.406972,52631.57897,12562.26987,39636.12735
P33,ISNF,726283.725,82825.64549,34812.88077,108064.984,13925.15231,3191.180738,0,0,30896.43167,0,0,0
P34,ISNF,483676.0926,0,0,308483.2905,17737.7892,16323.90745,16709.51157,36760.92544,52956.2982,44473.00771,10282.77635,12596.40103
P35,ISFL,568411.5928,65902.79338,19471.27986,144312.1396,41713.47263,71594.39829,14453.68082,0,56616.4907,0,0,17524.15188
P36,ISNF,130114.5663,0,513911.6202,96563.01146,103927.9869,0,0,17184.94272,54828.15059,0,83469.72181,0
P37,ISFL,766820.2765,32488.47927,0,12211.98157,45391.70507,62903.22581,7603.686637,0,39170.50692,27188.9401,0,6221.198158
P38,ISFL,644652.5382,0,0,45342.53327,131197.6343,0,73435.18975,52143.91326,0,48989.65007,4238.541155,0
P39,ISNF,604162.103,102957.2837,15991.23768,64403.06681,16867.46988,67031.76341,26725.08214,0,8543.263965,42716.31982,41621.02958,8981.380065
P40,ISNF,740847.0926,46805.45585,5886.575738,44795.40561,110122.0388,0,0,9188.80115,27279.25342,5312.275665,3589.375449,6173.725772
P41,ISFL,531125.5881,73199.42092,83514.29605,118711.5454,105591.7481,11581.61419,3076.366269,8324.285196,33387.62214,24068.042,0,7419.471589
P42,ISNF,103424.0385,26910.33236,305653.178,356561.9038,2209.057133,4217.290892,22693.04147,0,146701.4761,8635.405161,19279.04408,3715.232453
P43,ISFL,376334.7763,3463.203463,64935.06495,180375.1804,45887.44591,26551.22656,35786.43579,136507.9365,73304.4733,12698.4127,18181.81819,25974.02597
P44,ISNF,155302.2986,0,23758.93375,312149.8937,16225.61329,92524.62816,0,96581.03149,39791.38498,247440.6027,579.4861888,15646.1271
P45,ISFL,615593.5453,110241.2526,9745.96581,163604.4097,19491.93162,18852.85189,3674.70842,17734.46237,17414.92251,11024.12526,0,12621.82457
P46,ISNF,661911.2139,43277.27744,4463.218299,114210.5683,7093.329082,2151.908823,0,27257.51175,31083.12744,0,108551.8451,0
P47,ISNF,392620.7577,75904.80215,77101.81664,133783.9741,27742.57146,11477.25672,60343.61356,1056.189269,167793.2685,26052.66864,22672.86298,3450.218278
P48,ISNF,707672.6342,50639.38619,10997.44246,178346.1211,7502.131287,9548.167094,0,16197.78345,16709.29241,0,0,2387.041774
P49,ISNF,612313.6123,236652.2366,53150.55316,8417.508419,15151.51516,0,0,0,74314.57433,0,0,0
P50,ISNF,645912.7488,132853.3108,2400.112947,22871.66455,69744.45855,59155.72497,0,0,8753.353098,0,54214.31596,4094.310321
P51,ISFL,336621.4551,0,69050.55487,186189.8889,49321.82491,171393.3415,67817.50925,0,92478.42171,0,11097.4106,16029.5931
P52,ISNF,409669.2113,80879.6801,71337.69537,149127.59,115866.9575,0,17811.70484,0,47528.17156,100236.2777,0,7542.711742
P53,ISNF,564205.3537,71123.75534,0,194749.7737,103323.4191,18104.22863,3750.161645,15647.22617,4267.42532,9569.377992,15259.27842,0
P54,ISNF,786784.3767,0,20599.25094,0,7758.159442,0,0,0,35313.00162,25147.1375,117174.9598,7223.113963
P55,ISNF,424167.6942,2877.106453,13563.50185,268392.9305,9453.349774,0,34936.29264,118372.3797,29593.09494,0,98643.64982,0
P56,ISNF,168154.453,81170.85323,21175.0052,210089.2672,13493.87585,0,3736.765622,0,472078.0568,16400.24912,7681.129332,6020.344612
P57,ISNF,356707.7299,115879.2473,65791.25491,145187.4915,7919.317719,10559.09029,11235.95506,2707.459049,227832.6789,21253.55354,15229.45715,19696.76459
P58,ISNF,148697.5398,0,256150.5065,343704.7757,50651.23009,0,0,34008.68307,40159.18957,38350.21707,88277.85822,0
P59,ISFL,383131.9703,38568.77324,108271.3755,173327.1375,104089.2193,10920.07435,12314.12639,0,48327.13754,73652.41634,47397.76953,0
P60,ISNF,506405.4257,45779.95478,65373.02188,149962.321,112471.7408,10173.32329,5275.056517,7724.189901,66691.786,23737.75433,376.7897515,6028.636019
P61,ISNF,550426.7339,61305.44536,32936.65104,202548.3833,48323.11577,0,6491.164803,11419.64178,35460.9929,19353.28766,29090.03488,2644.548623
P62,ISFL,673461.6062,0,12054.90702,239690.268,12465.53647,13374.78735,2933.067402,8329.911422,31706.45861,4722.238517,0,1261.218983
P63,ISNF,863914.6887,0,0,0,0,1857.585138,14103.88717,94186.4465,0,13553.49157,2820.777434,9563.123493
P64,ISNF,566479.305,35666.837,65201.83955,169647.4196,15738.37507,6336.228922,0,4394.481349,99335.71792,9095.554419,19008.68676,9095.554419
P65,ISNF,232205.3675,23337.22288,10112.79658,361208.3496,14002.33372,14261.6362,66640.73642,8427.33048,110722.1574,40969.79127,118112.278,0
P66,ISFL,699662.7319,505.9021922,0,133726.8128,92299.0444,15401.91119,1967.397414,0,38448.56661,5508.712758,9612.141654,2866.77909
P67,ISFL,637914.6919,0,25971.56398,96113.74409,31658.76778,7014.21801,41895.73458,70900.47394,9857.819905,44739.33648,16113.74408,17819.90522
P68,ISNF,584283.6608,37470.05271,2587.446095,108289.4106,152755.1509,34978.43795,29516.05175,34978.43795,0,15141.35122,0,0
P69,ISFL,195646.1835,19840.17635,7991.182143,600440.8929,42160.37476,0,0,4684.486083,12951.22623,103885.3679,0,12400.11022
P70,ISNF,533412.6513,7733.491966,142772.1594,203450.3272,44021.41581,0,0,12492.56395,7733.491966,42633.35315,3172.714653,2577.830656
P71,ISNF,540390.5782,140945.4387,9737.257248,174019.4746,55105.2603,0,2991.894685,0,53310.12348,0,22466.40918,1033.563618
P72,ISFL,886115.3494,10802.56332,1830.942936,46811.10773,6408.300275,2014.037229,1708.880074,4882.514495,35459.26153,0,3967.043028,0
P73,ISNF,26519.88991,0,9757.317988,768826.62,12759.56967,61546.15962,12009.00675,12759.56967,22016.51238,70552.91468,0,3252.439328
P74,ISFL,628706.9989,42556.34638,6425.464611,175217.4772,9687.623567,27283.51127,4794.385133,34450.37564,30051.40372,16903.91459,21945.43298,1977.066034
P75,ISNF,805421.6391,21892.04141,0,104481.1507,0,19283.96428,13198.45096,2291.946573,33430.80693,0,0,0
P76,ISNF,177328.6101,28339.23734,36570.11879,153261.0961,24067.51405,50218.79558,17920.40008,5938.737237,91477.39111,302146.2805,72410.91894,40320.90018
P77,ISNF,282556.7505,53763.44088,75667.06492,409796.8935,36240.54161,7765.830346,11549.18359,10752.68817,84030.26682,15133.41298,5973.715651,6770.211072
P78,ISFL,224923.2658,5647.636589,21485.57397,447391.0374,7857.581338,12154.69614,5279.312462,40270.10437,86065.07058,137016.5746,2332.71946,9576.427258
P79,ISNF,369854.9587,14112.1129,63896.51117,286554.2925,39004.31205,15876.12701,12936.10349,38612.30891,25676.20541,21364.17092,101528.8123,10584.08467
P80,ISNF,357443.2297,147603.0277,236122.7922,90201.85028,66442.38856,4205.214465,7569.386038,0,30067.28343,13456.68629,46888.1413,0
P81,ISNF,400952.9761,129667.2395,56397.43791,155288.2362,46008.43617,3671.301359,5546.008435,11013.90408,87876.89424,39681.2998,56319.32511,7576.941102
P82,ISNF,338275.8973,164740.7711,55015.85029,113917.5785,79353.71717,118417.0161,20656.50884,3988.137847,39165.55887,52663.87156,10941.81409,2863.278455
P83,ISNF,541223.55,125315.2067,8058.326938,233691.4812,8387.238242,0,3508.387239,0,79815.80968,0,0,0
P84,ISNF,319114.5581,198362.6864,239133.9473,95384.28394,105240.4804,0,3016.103841,10664.08143,24828.99769,4147.142781,107.7179943,0
P85,ISNF,196506.5502,0,252084.1604,188566.8916,18658.1977,0,32949.58317,74632.79081,161969.0353,44859.07104,29773.71973,0
P86,ISNF,609289.765,0,0,38023.22441,73345.93571,32406.15717,7399.405887,18201.45828,183364.8394,31812.04428,0,6157.169862
P87,ISNF,532842.8796,3678.402522,39936.94167,168681.0299,89858.1188,0,0,97214.92379,67787.70362,0,0,0
P88,ISNF,802475.5411,2742.365847,22161.28075,41061.3697,6670.619626,11043.58138,6151.793654,21049.51082,50029.64719,10302.40142,23569.52268,2742.365847
P89,ISFL,512329.6927,99988.74,62380.36257,241977.2548,17790.78933,17452.98953,5967.796418,0,23420.78594,14412.79135,2251.998649,2026.798784
P90,ISNF,291935.82,217857.887,56053.34445,194311.3149,28860.1792,0,8230.881432,109710.3563,93040.21671,0,0,0
P91,ISNF,522655.8996,0,138627.1871,153880.664,27815.16374,43517.27229,30955.58545,20637.05697,0,50695.37909,0,11215.79183
P92,ISFL,299514.6017,81403.67629,254873.8761,132569.4279,64454.52374,6206.731916,7320.760722,9230.524388,102888.5175,22121.42915,17347.01997,2068.910638
P93,ISNF,492728.6172,98348.53342,26867.14321,145427.6559,31796.89425,51022.92334,11831.40251,48065.07271,21444.41706,51515.89845,19472.51664,1478.925314
P94,ISFL,445234.1349,0,3679.620949,188467.1606,0,0,0,340995.0098,0,21624.0738,0,0
P95,ISFL,598223.2093,28539.70018,11438.08995,149250.4165,33203.77567,22765.13048,10105.49695,36979.45586,48195.44697,43087.17379,15324.81954,2887.284843
P96,ISNF,761183.7578,32404.22115,0,120555.1732,14395.50356,2466.161964,7398.485891,13019.04106,18123.42279,26210.13994,1319.109888,2924.982794
P97,ISFL,575662.2082,123393.6533,35667.45346,99921.3218,25177.02595,45633.35956,12850.77367,17440.33569,34487.28034,27012.85077,0,2753.737215
P98,ISNF,549699.7572,62859.33307,38584.38738,69439.12098,64328.60612,0,2683.020314,0,59281.97266,10476.55551,142647.2467,0
P99,ISNF,345797.02,90806.85971,114141.1302,234748.3835,20522.91257,0,6466.123138,71408.49032,87433.23022,8152.937866,16587.01153,3935.90104
P100,ISFL,394857.0986,162497.0955,53907.52072,18588.80025,153125.2421,80241.6544,8829.680117,0,84269.22779,12082.72016,27805.74703,3795.213385
P101,ISNF,303248.709,6131.669534,170933.735,300129.0878,30443.2014,0,34746.12736,13984.50947,79604.13082,49698.79519,10111.87608,968.158348
P102,ISNF,747601.9185,4196.642686,0,162213.0867,41024.3234,7022.953066,12504.28228,0,9249.743062,0,16187.05035,0
P103,ISNF,584425.5438,1673.173453,2579.475739,293084.2164,766.8711656,33812.04685,8087.005019,7947.573898,20147.79698,11084.77412,17568.32124,18823.20133
P104,ISNF,489069.4525,94602.43759,50106.40357,104082.0275,144515.3801,9479.589864,23795.70516,37337.9764,0,47011.02727,0,0
P105,ISNF,465104.1667,141579.8611,99913.19443,49131.94444,81336.80555,31510.41667,22656.25,954.861111,48784.72222,20746.52777,31597.22223,6684.027777
P106,ISFL,554479.845,17602.53476,0,231297.3068,113712.3746,12057.73631,0,13641.96445,18570.67418,35029.04419,3608.519627,0
P107,ISNF,506374.5735,255521.6376,37708.74483,49560.06465,25498.29414,5027.832645,0,1975.219968,66080.0862,3411.743581,45250.49381,3591.309033
P108,ISNF,473717.9487,200854.7008,98717.9487,171367.5215,38461.53845,0,0,0,11324.78632,5555.555556,0,0
P109,ISNF,468157.7787,189620.9784,105442.9264,64345.52667,107205.8175,12670.78008,0,0,36910.53328,15645.65887,0,0
P110,ISNF,399867.5497,139337.7483,77218.54304,48874.17218,240132.4503,31920.52979,0,0,10728.47682,0,51920.5298,0
P111,ISFL,645622.7852,61294.13309,78881.74302,79012.99383,59194.11995,4987.531171,9975.062344,0,47775.29859,9843.811523,2493.765585,918.7557422
P112,ISFL,553095.1183,62154.00101,7297.433316,293407.1464,16104.68042,7045.797685,9058.882737,12330.14595,10568.69653,20634.12179,8303.975842,0
P113,ISNF,722352.0249,63149.01351,8177.570093,102998.4424,17004.15368,0,2011.941849,15446.52129,47962.0976,4478.193146,11552.44029,4867.601246
P114,ISNF,613975.3991,96833.28972,18450.66736,88196.80711,97618.4245,0,13478.14708,10075.89636,41873.85501,5888.51086,3925.673907,9683.328972
P115,ISFL,499051.2334,151486.401,42061.98606,83807.71664,44275.77483,0,36053.13093,38583.17518,0,82858.95001,0,21821.63188
P116,ISNF,447643.641,74370.56165,57198.19238,73466.75275,140477.7276,41704.32537,23757.26275,0,16785.0226,15752.09813,92188.50872,16655.90704
P117,ISFL,712283.2604,0,0,143007.6163,11748.50105,22605.7365,2106.627775,42375.62794,18068.38438,43266.89353,2916.869227,1620.482904
P118,ISFL,347621.2905,16486.10457,6123.41027,502826.1894,13424.39944,19783.32549,38860.10364,0,22373.99906,32501.17757,0,0
P119,ISNF,560136.2033,14593.21416,2675.422595,335887.1458,32591.51162,0,0,16052.53557,0,6323.726134,31740.24079,0
P120,ISNF,788171.3622,0,0,64155.32342,12556.71626,33818.71901,5381.449826,58984.91084,2215.891106,12662.23489,15405.71911,6647.673315
P121,ISFL,776861.6117,5185.311118,11135.66814,65878.95273,6545.392724,11050.66304,2805.168311,65793.94764,8415.50493,34682.08092,6970.418226,4675.280517
P122,ISNF,721655.494,127659.5745,12824.24949,47508.01518,23608.27747,25794.22909,2477.411834,11221.21831,26085.68931,0,0,1165.840863
P123,ISNF,443132.671,25832.84629,40210.40328,163062.5365,36119.22853,39392.16833,22793.68791,14494.44769,176504.9678,27936.87901,10520.16365,0
P124,ISNF,693670.5436,29212.87531,99810.65729,65593.72466,33134.97431,10278.60427,4598.322964,6086.01569,38139.03165,14200.70328,0,5274.54693
P125,ISNF,586269.196,50329.07471,30326.49374,118983.0946,13033.93986,53426.24857,5420.0542,13550.1355,98464.31799,24132.14609,3355.271647,2710.027101
P126,ISFL,657901.7089,0,5497.416877,256590.2768,10133.79255,0,1987.018147,7683.136838,53583.25606,6623.393827,0,0
P127,ISFL,696504.4104,16661.22182,22704.99836,23521.72491,19438.09213,12414.24371,20091.47337,18131.32963,131492.9762,24991.83272,6370.467167,7677.229663
P128,ISNF,495545.8876,6629.376425,19059.45722,263103.3769,23824.32153,10151.23265,9322.5606,62564.74003,71887.30062,28796.35385,1864.512119,7250.880465
P129,ISNF,260526.3158,9569.377992,5143.540671,209808.6124,13157.89474,8851.674643,27033.49282,164473.6842,63875.59808,222129.1866,0,15430.62201
P130,ISFL,572202.9815,0,0,24243.33685,85529.28777,0,50745.36967,0,0,29965.36667,0,237313.6575
P131,ISFL,294676.4947,3112.203112,107944.3079,327764.1277,107616.7076,0,65847.66585,16543.81654,53890.25389,13104.01311,9500.409499,0
P132,ISFL,526664.2148,21944.34228,65955.62093,134608.3119,39475.29729,65342.65046,20840.99546,22434.71865,34939.31594,56761.06412,11033.46819,0
P133,ISFL,910042.6522,0,0,0,0,0,0,63978.28615,0,0,25979.06165,0
P134,ISNF,608188.6843,84669.40507,33920.76323,121637.7368,21200.47701,13382.80111,20405.45912,11262.75341,58963.82668,9142.705711,14442.82496,2782.562609
P135,ISFL,538186.9654,0,0,85051.38778,13170.04123,5046.464399,10216.01329,1353.929473,302233.9836,16370.23817,25847.74449,2523.232199
P136,ISFL,606843.5754,10474.86033,27932.96089,65642.4581,24441.34078,77513.96648,86592.17877,43296.08938,57262.56984,0,0,0
P137,ISNF,659414.2889,55183.31703,4667.620267,103967.4772,82436.19665,41933.29819,4742.904466,4140.630882,23488.66974,12798.31363,0,7227.282994
P138,ISFL,381112.9848,0,0,264996.3865,137557.2151,0,16863.40641,48903.8786,24813.298,82630.6914,15417.97157,27704.16766
P139,ISNF,488905.0563,21462.34995,22553.65588,117133.5031,16005.8203,31284.10331,32375.40924,8002.910149,159330.6657,100036.3769,0,2910.149145
P140,ISNF,689971.9563,27656.89972,13635.04496,123295.6194,14021.85475,2707.668503,3964.800309,35006.28567,50091.8673,31911.80738,6769.17126,967.0244656
P141,ISNF,541035.4963,27470.04296,127854.3975,148767.8047,51209.58626,0,0,0,51322.63169,0,52340.04068,0
P142,ISFL,358261.6369,69049.19477,36620.33973,240679.4617,198102.8017,13456.87183,16545.33422,8603.573795,50297.816,8382.969334,0,0
P143,ISNF,477169.64,97671.60571,100393.1056,132143.9371,49894.16392,30541.2761,25854.24856,0,57151.49683,12246.74932,3175.083157,13758.69368
P144,ISNF,263382.9585,265600.2533,87108.01393,134304.7197,39277.79538,6335.128288,4751.346215,0,47513.46215,3167.564143,148558.7583,0
P145,ISNF,621824.8323,0,0,106888.8437,0,0,11887.82768,1016.053648,121621.6216,19406.62466,59540.74376,57813.45256
P146,ISNF,597803.1263,5280.946345,4435.994931,159273.3418,60414.02619,66539.92396,9716.941276,17955.21758,18166.45543,12463.03338,47950.99282,0
P147,ISNF,506635.274,48480.3082,6314.212329,143300.5137,79516.26713,13912.67123,24186.64384,0,166952.0548,7277.39726,3424.657535,0
P148,ISNF,319096.255,6809.037451,16713.09193,411327.7623,15475.08511,122872.1758,21974.62086,52305.78769,33426.18384,0,0,0
P149,ISNF,327153.3412,25878.71765,51660.87293,383256.0833,37273.07841,17960.60255,13808.42024,29451.5257,36307.4546,77249.90344,0,0
P150,ISNF,590369.2228,104570.1007,0,151691.1955,8520.526723,10973.40563,0,0,102633.6173,25303.38239,0,5938.54893
P151,ISNF,710500,48750,0,0,156500,13250,8749.999999,0,0,50750,11500,0
P152,ISNF,516886.1512,64039.93202,11788.4452,200934.5794,62446.8989,67332.2005,5310.110448,0,46304.16313,12744.26508,5416.312657,6796.941376
P153,ISNF,522757.8778,98707.2448,90694.8559,176070.5629,19795.31376,24912.4697,0,0,14139.50983,33194.18259,18381.36279,1346.619984
P154,ISFL,553988.4744,84319.07795,26539.27813,171974.5223,26842.58418,0,16833.48498,20624.81043,28814.07341,16985.138,50652.10797,2426.448285
P155,ISFL,602777.089,24547.48327,12397.71882,184973.9648,105132.6556,0,0,35953.38457,12645.6732,11653.85569,9918.175056,0
P156,ISFL,754276.5392,41622.92349,23281.66493,112579.5097,32297.90651,2284.937937,4014.08016,3025.998889,15438.76984,9139.751745,2037.917619,0
P157,ISFL,433545.798,88408.87627,57129.36733,90297.45041,110127.4787,39069.87723,54886.68555,36473.08781,49811.14257,13928.23418,21482.5307,4839.471199
P158,ISFL,756381.7029,0,0,0,0,0,188966.9351,0,1199.246188,53452.11582,0,0
P159,ISFL,484161.0036,62728.69837,41923.68008,200313.6435,8259.278619,14741.24412,10036.59174,0,152639.8327,19027.70518,4495.556716,1672.76529
P160,ISNF,164758.9876,42076.41466,221505.723,353538.6103,43366.11318,10640.0129,45784.29794,8866.677414,73351.60405,7576.978881,26438.81993,2095.760116
P161,ISFL,247666.4593,5911.636591,2177.971375,500311.1388,18979.46484,59427.50468,5911.636591,38270.06844,47293.09271,60983.19849,7156.191662,5911.636591
P162,ISNF,276340.5455,62441.20415,24576.66981,295860.7714,10700.84666,61735.65381,18226.71684,26928.50424,64793.03857,148283.1609,10112.88805,0
P163,ISNF,844560.4874,10269.79982,1740.644038,26109.66056,67188.85988,22280.2437,4351.610096,4351.610096,6614.447345,12532.63708,0,0
P164,ISFL,332396.5253,85590.18907,62340.3168,424757.2816,12135.92233,25549.31017,0,9964.230966,21716.91365,19289.72918,0,6259.580992
P165,ISNF,345974.0953,30845.23968,183736.1463,339564.6949,16557.61784,6008.812925,14421.15103,8145.279747,31512.88556,17091.73455,2403.52517,3738.816933
P166,ISFL,566348.0773,20671.26028,0,55790.17559,136474.7722,65570.12669,0,16225.82796,35785.73016,39786.61924,17781.72928,45565.68126
P167,ISNF,666011.447,60877.60883,33589.63983,128461.5829,20639.41723,35902.17958,0,9365.785974,37289.70342,4625.079493,867.202405,2370.353241
P168,ISNF,449381.9267,17263.4271,4369.138959,342604.4331,78324.80818,0,11722.08013,34526.85421,38469.73571,16197.78346,7139.812443,0
P169,ISFL,644492.5743,122215.3465,1547.029703,24752.47525,111076.7327,24752.47525,16089.10891,0,38675.74259,0,14232.67326,2165.841584
P170,ISNF,763010.4083,0,0,164291.4331,35868.69495,13771.01681,0,23058.44676,0,0,0,0
P171,ISNF,157943.067,11019.28375,83562.90177,238751.1478,16528.92562,264462.8099,66115.70248,0,100091.8274,0,7346.189165,54178.14509
P172,ISFL,787111.8013,39596.27329,15527.95031,118012.4224,17701.86334,5900.621119,0,0,16149.06832,0,0,0
P173,ISNF,832146.0374,0,3116.651826,45503.11665,71504.89759,12822.79608,0,15850.40071,5699.02048,6856.634016,3650.934996,2849.51024
P174,ISNF,465014.1199,0,10668.34013,314088.4844,33573.89394,0,1568.873548,79385.00158,23533.10323,32318.7951,18512.70787,21336.68026
P175,ISNF,690984.7434,0,0,113730.9293,52011.09571,117337.0319,2496.532594,4715.672678,4993.065188,7212.205271,0,6518.723995
P176,ISNF,704862.3742,25100.03638,8851.703649,76391.41506,0,6426.579363,0,12731.90251,29465.26008,31526.61575,94579.84723,10064.26579
P177,ISNF,638634.6771,15953.49988,0,5194.162751,291615.1374,21518.67426,22817.21493,4266.633688,0,0,0,0
P178,ISFL,533832.7296,8725.716165,67912.41356,296015.8051,9301.942705,4115.903853,0,17780.70464,43299.30852,14405.66348,576.2265393,4033.585774
P179,ISNF,162048.969,0,219394.3299,410438.1444,7731.95876,0,38015.46391,0,97293.81441,18041.23711,47036.08246,0
P180,ISNF,812192.2626,36998.82766,19273.15358,81172.33294,8815.943728,3001.172334,5345.838217,9519.343492,11160.60961,3657.678781,562.7198124,8300.117233
P181,ISFL,610408.1634,32040.81632,16734.69387,184897.9591,30612.24489,0,0,5306.122449,26530.61224,93469.38774,0,0
P182,ISNF,494817.7867,113005.6837,58508.85992,261785.3561,0,0,0,0,62855.23236,0,0,9027.081243
P183,ISNF,359870.7403,41421.85664,68301.99765,143801.4101,147767.3325,3965.922444,20710.92832,0,143654.5241,43772.03291,22473.56053,4259.694479
P184,ISFL,559109.2512,73979.97311,27200.71739,131968.3156,20923.62875,17486.17546,0,65610.52161,74577.79105,22567.62816,2540.726349,4035.27126
P185,ISNF,421439.51,72588.05514,323430.3216,23736.60031,82542.11331,23736.60031,5053.598775,0,9188.361409,25267.99387,0,13016.84533
P186,ISNF,369124.424,10752.68817,0,339016.8971,240706.6051,18740.39938,21658.98619,0,0,0,0,0
P187,ISFL,343957.9686,3969.643898,36310.56626,189725.6275,58026.85347,18563.92294,126211.3251,15178.0502,109398.7157,91301.80966,7355.516637,0
P188,ISNF,190829.9724,0,46486.94544,617066.4403,16556.99427,7004.882189,37783.91,21863.7232,49883.25195,8915.304606,0,3608.575674
P189,ISNF,344990.0464,24087.59124,37425.34837,400530.856,70205.70672,25613.80225,6303.915063,24021.23424,33642.99934,26343.72927,5374.917055,1459.854015
P190,ISNF,377447.5767,0,117205.9436,273989.7236,57075.4062,3194.000834,22219.13623,21941.39704,63185.66867,37078.1836,2916.261632,23746.70185
P191,ISFL,503541.9127,31090.12201,35911.05864,148563.5576,81365.60407,0,20070.83824,11707.98898,43191.65682,68181.81818,1869.342778,54506.09997
P192,ISFL,555864.5509,35825.29036,42041.5508,30426.95893,84083.10159,82283.6578,24865.04173,0,18648.78129,11778.17765,55619.17227,58563.71668
P193,ISNF,749612.0021,27547.85309,6078.634248,67770.30523,16554.57837,5173.305743,11381.27263,10863.94206,42291.77444,58458.35488,0,4267.977237
P194,ISNF,244471.3722,235787.1353,31909.52236,97445.21862,32717.35837,17772.3922,52408.3611,0,76340.50287,15550.84318,176714.1271,18883.16672
P195,ISFL,755582.3778,0,0,52906.85977,38422.85255,23335.345,88714.54435,0,41038.02049,0,0,0
P196,ISNF,692315.3099,19508.81363,0,162705.4863,60209.94255,8021.390374,6238.859179,4060.209942,16537.9283,0,16240.83977,14161.22004
P197,ISFL,584347.1717,27843.97341,31104.97931,163928.2579,37501.56779,21949.07813,23579.58109,63589.61493,33613.44538,9281.324468,2633.889376,627.1165182
P198,ISFL,754089.7712,33125.69133,0,74460.03377,57926.29679,17930.95419,931.4781394,27536.82249,12807.82442,2386.912733,18804.21494,0
P199,ISNF,709170.6765,49391.45203,0,40475.51656,166996.8865,33965.46844,0,0,0,0,0,0
P200,ISFL,289583.3333,6666.666664,28333.33333,485000,19166.66666,54583.33334,11250,38333.33333,46666.66669,0,20416.66666,0
P201,ISNF,830976.9994,45262.71365,23000.63305,54969.40284,24899.76787,0,16564.67609,4325.807133,0,0,0,0
P202,ISNF,254175.078,16700.31199,4771.51771,178014.3145,16333.27216,3853.91815,40374.38063,4587.997797,358230.8681,38539.1815,74692.60414,9726.555331
P203,ISNF,230124.521,51963.60152,127634.0996,362547.8928,14846.7433,3113.026821,32088.12262,28735.63218,67528.7356,29693.48657,46216.47511,5507.662837
P204,ISNF,700507.6142,2115.059222,0,75719.12014,10998.30795,44839.25553,19881.55668,133248.731,0,0,0,12690.35533
P205,ISNF,795867.7686,1285.583104,5050.50505,33425.1607,16069.7888,1469.237833,3489.439853,81450.87236,3030.30303,28833.79246,13957.75941,16069.7888
P206,ISFL,663260.5667,7431.490942,76637.25035,67347.88666,90106.82766,48769.1593,0,0,12308.40687,12308.40687,0,21830.00464
P207,ISNF,369154.6764,182853.717,122901.6786,219574.3405,13788.96882,0,22931.65466,0,18285.3717,0,25629.4964,24880.09591
P208,ISNF,599732.2624,7228.915662,15796.5194,253949.1298,10977.2423,7898.259705,4819.277108,34805.89023,43507.36279,8835.341365,6559.57162,5890.227577
P209,ISNF,816192.026,25142.39219,5695.687551,64361.26932,20911.31001,16436.12693,0,0,31814.48332,14727.42067,0,4719.28397
P210,ISNF,463386.3485,13585.15573,71404.90392,284791.2525,96255.79859,0,0,3644.797881,34459.90724,11431.41153,21040.42413,0
P211,ISFL,711591.4016,29051.71909,3748.608915,143267.147,12241.55099,1522.872372,0,51250.5125,20675.92105,11070.1107,10952.96667,4627.189129
P212,ISNF,676589.3038,20938.44601,17406.65994,88294.65183,24217.96165,0,7568.113018,54490.41372,72149.3441,25983.85469,9586.276489,2774.974773
P213,ISFL,844760.2131,0,0,58259.32505,34635.87922,0,0,28063.94317,0,6749.55595,27531.08348,0
P214,ISNF,812063.5989,21704.38294,5636.409524,89677.79928,17161.60512,8076.049466,8917.304618,9758.55977,10010.93632,8664.928072,0,8328.426011
P215,ISNF,393412.957,56460.36916,197973.2175,161871.1545,49040.89757,9410.061527,23977.56061,0,58179.51501,15200.86862,32211.36447,2262.034022
P216,ISNF,130812.3558,116851.7094,310651.8632,123117.5113,27591.51371,11981.97208,1429.042542,0,26931.95559,16379.02606,226008.5742,8244.476202
P217,ISNF,696257.7377,0,15334.83399,92853.12327,125351.7164,11958.35678,13646.59539,26589.75801,2813.731007,0,15194.14744,0
P218,ISNF,297044.8369,31589.6739,209069.2935,311311.1414,23097.82608,20720.10869,11548.91304,29042.11955,40251.35867,11888.58695,9510.869566,4925.271738
P219,ISNF,119161.1058,35271.68732,105815.0619,0,0,0,100571.9733,0,39561.48713,360343.1841,0,239275.5005
P220,ISFL,942070.9631,0,0,0,27878.34901,0,7965.242577,22085.44532,0,0,0,0
P221,ISNF,366511.0357,37775.89134,82555.17827,213709.6775,0,34168.0815,50084.88963,848.8964344,79584.04073,57512.73344,77249.57553,0
P222,ISNF,414507.772,12554.80271,18533.28019,276205.6597,27899.56158,12754.08529,0,33479.47389,113391.7895,81705.85892,6775.607809,2192.10841
P223,ISNF,728915.6626,0,0,65217.39132,0,10476.68937,30382.39915,0,104243.0592,32477.73704,18072.28916,10214.77213
P224,ISNF,653504.1591,134238.4549,18787.64701,103021.3213,44746.15163,0,478.0571757,7362.080505,21608.18434,0,13337.7952,2916.148773
P225,ISFL,382331.9027,7153.07582,5364.806867,208154.5065,0,233190.2718,22889.84263,10371.95994,13948.49785,86552.21744,17882.68956,12160.2289
P226,ISFL,274747.4748,0,0,301010.101,8754.208753,0,17508.41751,142760.9428,20875.42088,192592.5926,1346.801348,40404.04041
P227,ISNF,514410.4804,161397.38,9606.986898,80174.67249,14672.48908,0,0,0,140786.0261,50305.67685,12052.40175,16593.88647
P228,ISNF,496411.1767,20379.3899,52166.11124,157139.1951,44603.94771,12432.70956,22430.14611,60881.82515,46654.70392,24480.90233,56267.62367,6152.268648
P229,ISNF,600913.6213,57308.97008,104858.804,28031.56146,61461.79401,20764.1196,0,0,48172.75747,54194.35215,24294.01993,0
P230,ISNF,548029.5566,5582.922825,22988.50573,294006.5682,6403.940887,67487.68472,6814.449917,2380.952381,11658.45649,31773.39901,0,2873.563219
P231,ISFL,735439.9796,94926.24619,0,64598.16886,35986.77518,6103.763987,0,6421.668362,31917.5992,1716.683622,22507.62971,381.4852492
P232,ISNF,584747.2249,153217.9215,13918.44481,135158.4517,26571.57648,9374.820269,4256.053372,9432.334504,61022.6031,0,0,2300.569391
P233,ISFL,639868.4312,5354.547542,1070.909508,192381.2437,5048.573396,56452.22979,8261.301919,23560.00917,0,32815.72707,0,35187.0267
P234,ISNF,611345.7297,36936.65301,29877.08793,75575.16547,34604.47527,5042.546487,1386.700283,2080.050426,190293.0979,1386.700283,10022.06114,1449.732116
P235,ISNF,634530.6122,0,4653.061225,123102.0408,34040.81633,8489.795918,8734.693877,76408.16327,22040.81633,16489.79592,67346.93878,4163.265305
P236,ISNF,378547.1055,1986.379114,98893.30304,326759.3644,81867.19636,14046.53803,4114.642451,18728.71737,42139.61407,18870.60159,8087.400683,5959.137344
P237,ISNF,168303.9851,25579.24003,42632.06672,125115.848,15569.9722,172011.1215,90639.48101,7599.629286,76181.64967,40963.85542,204633.9203,30769.23078
P238,ISFL,694477.7911,5282.112845,7563.025212,136134.4538,55582.23289,0,15726.29052,0,75990.39616,9243.697478,0,0
P239,ISFL,253397.6326,14248.13678,107847.4353,362121.8764,16440.15782,0,20824.19991,0,74090.31126,24989.03989,126041.21,0
P240,ISNF,895444.1167,0,23926.58145,0,20648.96755,47853.16289,0,0,0,0,0,12127.17142
P241,ISNF,81257.91472,0,4432.249893,285141.4099,29759.39215,72815.53397,137821.8658,13718.86872,109539.8902,163149.0081,36302.23723,66061.62935
P242,ISNF,354717.5842,121914.1967,56323.40017,210114.2446,2716.305823,8069.026123,42901.65374,2077.175041,147639.2106,17096.74842,27402.73227,9027.722295
P243,ISNF,437775.4459,15739.76915,3462.749212,279853.0956,34102.83317,36306.40084,37670.51417,0,60860.44072,38300.10493,43336.83108,12591.81532
P244,ISNF,480154.4402,157065.637,25173.74517,138069.498,37683.39768,29343.62933,0,47567.56757,80000,0,1853.281853,3088.80309
P245,ISNF,568638.2394,32462.17331,0,30811.55434,162035.7634,0,32187.07015,0,17881.70564,99587.34527,43741.40304,12654.74553
P246,ISNF,358069.8444,70670.12741,90844.73804,324917.4138,46248.2303,0,6724.87022,5191.12789,70552.14723,20528.5512,2359.603586,3893.345917
P247,ISNF,521285.7143,219285.7143,8142.857143,84999.99999,62571.42857,11857.14286,0,0,90000,0,0,1857.142858
P248,ISNF,454241.9708,80349.9482,185909.9804,87487.04961,28548.40566,42937.72304,13353.28652,10014.96489,60665.36204,17497.40992,18993.89893,0
P249,ISFL,580836.3516,0,0,320381.9559,26341.78466,7243.990779,0,12512.34771,0,22390.51696,30293.05236,0
P250,ISNF,871739.7009,6559.958016,0,64392.54789,4355.812122,8554.185253,1574.389924,0,42823.40593,0,0,0
P251,ISNF,733574.8395,0,0,200806.85,2305.285691,15725.34168,1317.30611,6339.53565,13008.39783,13502.38762,10538.44887,2881.607114
P252,ISNF,176627.5347,84845.25086,14407.6841,640875.1333,52294.5571,0,0,0,0,30949.83993,0,0
P253,ISNF,271512.7137,162907.6282,10199.68396,319350.668,41086.05086,0,0,31604.65451,144519.4656,11779.91668,5458.985779,1580.232725
P254,ISNF,491159.9472,170109.0549,205469.2663,44365.49901,13466.62261,4130.865829,14210.17845,0,39243.22538,8179.114343,0,9666.226042
P255,ISNF,315385.583,212982.7652,147188.3256,91583.84704,64159.01373,33840.73468,21008.93195,0,28431.2492,17486.47629,63781.60775,4151.465594
P256,ISNF,817146.4478,7108.353297,2002.906177,101402.0343,8954.168795,10682.16628,0,13509.79853,26705.4157,2709.814242,9778.894867,0
P257,ISNF,469469.8355,7556.368069,22547.2273,367824.4972,53625.83791,18525.28947,5362.583791,3046.922608,39853.74771,7678.244973,0,4509.445461
P258,ISNF,392764.858,170025.8398,79689.92247,146046.5116,38139.53488,0,16330.74935,0,57674.41859,7648.578811,87648.57879,4031.007751
P259,ISNF,407630.8495,108429.806,48100.44026,150008.1526,119680.4174,22501.22289,6195.988914,18914.07142,79732.59415,11087.55911,23642.58927,4076.308495
P260,ISNF,99333.54493,0,221834.3383,234846.0806,43795.62043,30466.51856,67280.2285,10472.86576,90130.11744,189781.0219,5077.753092,6981.910501
P261,ISFL,136834.036,0,13798.39019,428133.3844,0,12648.52434,0,0,0,226906.8609,0,181678.8041
P262,ISNF,297875.276,270833.3332,112030.9051,54152.86977,109685.4305,9174.944814,6346.578367,10761.5894,52359.27154,1034.768212,65397.35099,10347.68212
P263,ISNF,665296.9743,34366.82852,0,59768.39745,141576.3915,19424.72917,20918.9391,48561.82293,0,0,10085.91707,0
P264,ISNF,360246.0592,161860.8227,93041.13801,90734.33294,25759.32335,4421.376394,25759.32335,10188.38908,140138.4083,59207.99694,24221.45329,4421.376394
P265,ISNF,365117.7685,57994.73421,21347.75492,253540.1694,54934.88934,27111.64877,7329.395858,0,149718.9212,52800.11384,5977.37138,4127.232619
P266,ISNF,647011.9522,38725.09961,10517.92829,0,61673.30677,168446.2152,45896.41435,0,0,8127.490039,19601.59363,0
P267,ISNF,477563.4905,42390.68169,123544.0138,108840.9395,121443.5746,8210.807714,5537.521482,26160.01528,28069.50544,0,50410.54039,7828.909681
P268,ISFL,287032.54,61801.84557,49052.9383,377610.4906,24162.21467,55609.51919,10077.70762,71272.46235,47838.75669,6920.835355,6313.744534,2306.945118
P269,ISFL,568804.4438,20767.57985,4608.004039,263981.8205,28910.4911,74485.54475,20010.09974,1009.973488,14644.61557,2777.427093,0,0
P270,ISNF,192057.3393,42711.914,21721.64118,390696.9941,8191.325972,9215.241718,21794.77804,0,68748.62869,189205.0025,7679.368098,47977.76641
P271,ISNF,677939.5783,68202.56467,47207.12889,121191.0454,9258.856772,17648.33733,0,9345.794393,34992.39296,11519.23495,0,2695.066291
P272,ISNF,736240.0531,58355.43767,95656.49867,69462.86472,25364.72149,0,5139.257294,0,3149.867373,6631.299735,0,0
P273,ISNF,406773.1383,128728.1124,27708.29325,195112.565,119684.4333,22705.40697,0,48104.67577,27323.45584,12314.797,5772.561093,5772.561093
P274,ISNF,580675.3125,1869.377264,4907.115318,346886.3185,13786.65732,10865.75535,0,23834.56011,0,4206.098844,3271.410213,9697.394558
P275,ISFL,41446.87263,0,34664.65712,550866.6165,0,116051.2434,34664.65712,0,29389.60058,165410.7008,10926.90279,16578.74906
P276,ISNF,343765.0458,99903.70729,35869.04189,303322.0992,96774.19353,0,0,73663.93836,11795.85941,0,24554.64613,10351.46846
P277,ISNF,657251.3547,80257.71216,9216.196612,158638.0509,23467.16731,4565.430729,3157.40069,36566.11341,0,4480.095575,7296.155651,15104.32222
P278,ISNF,672782.3079,115826.5382,5189.02891,48616.25896,84074.62318,14455.15195,3644.675067,0,26871.75687,4447.739066,22424.01779,1667.902149
P279,ISNF,728847.3329,16400.981,24831.39179,8813.611282,64914.16309,8736.971185,15328.01962,0,77483.13919,52345.187,0,2299.202943
P280,ISNF,334405.1447,72420.34494,326001.1692,118605.6709,39242.91144,39535.22363,15419.468,0,6577.024262,14104.06315,4384.682841,29304.297
P281,ISNF,315898.8146,70512.03715,221923.4999,44115.84993,9409.751924,119760.4791,29817.9152,0,49981.66931,35072.71171,66968.10461,36539.16655
P282,ISNF,53102.29176,2235.88597,88876.46732,176634.9916,37264.76618,58878.33055,345444.3823,3167.505124,126327.5573,63350.1025,36705.79468,8011.924725
P283,ISFL,646975.4253,1732.829238,0,7403.906743,141461.8778,173597.9836,9766.855702,0,0,9294.26591,2993.068683,6773.787019
P284,ISNF,578138.1516,64867.2914,0,92082.37473,158071.9376,3815.723023,23904.38247,14196.73419,36417.70945,14252.84776,1290.612199,12962.23556
P285,ISNF,483805.668,110145.2727,92879.25698,111097.8805,56203.85805,14289.11646,8811.621816,22505.35842,57513.69373,0,42748.27339,0
P286,ISNF,167826.7595,5413.766433,44470.22429,373163.1864,36349.57462,22428.46094,25908.73937,29002.32018,21655.06574,191415.3132,52590.87394,29775.71539
P287,ISNF,598581.0063,80192.67071,41658.53024,19332.1617,39966.15245,29095.87971,6834.602616,2213.109419,124454.8591,21610.36257,13018.2907,23042.37453
P288,ISNF,683654.7291,78053.25988,7346.189165,117998.1635,29843.89348,17906.33608,3902.662993,17906.33608,33976.12489,4132.231404,2066.115702,3213.957759
P289,ISNF,540244.9694,24496.93789,31933.50831,171916.0105,65179.35262,0,23184.60193,80927.38406,55993.0009,0,0,6124.234469
P290,ISFL,544676.1497,51374.11959,11600.60765,160889.3799,23891.72765,22096.39552,7733.738433,10910.09529,133130.783,26653.77709,5524.098881,1519.127192
P291,ISNF,382521.7946,140123.3255,22219.85967,279927.7057,106102.4878,0,4890.495429,25515.62832,38698.70297,0,0,0
P292,ISNF,607517.1666,16624.50307,3794.723528,240332.4901,11203.46946,29815.68485,3614.022407,32887.6039,22045.53669,18973.61764,5601.734731,7589.447055
P293,ISNF,534452.7167,27403.76999,13939.48994,321717.0916,23602.09092,0,4276.888959,26928.56011,31363.85237,2534.452717,12672.26358,1108.823064
P294,ISNF,444319.4601,0,145106.8617,38245.21934,146231.721,0,0,0,68616.42297,62992.12598,64116.98538,30371.2036
P295,ISNF,386030.5266,1819.468311,52057.01001,326291.3171,48620.23654,14252.50177,11321.13616,0,70959.26413,62872.7383,25775.80107,0
P296,ISNF,790725.8064,1209.677419,2688.172043,40994.62366,93010.75269,0,0,47043.01075,15994.62366,4435.483871,3897.849463,0
P297,ISFL,559373.1164,13863.77335,0,282097.6491,20494.27366,0,28933.09223,31344.18325,0,48824.59312,15069.31886,0
P298,ISNF,659943.8346,76078.6316,3829.461323,165432.7291,22976.76792,0,0,9956.599438,61781.97598,0,0,0
P299,ISNF,664678.4715,8294.501397,931.9664493,272972.973,9599.254426,22460.39143,3634.669151,372.7865796,3541.472507,9878.844362,1304.753029,2329.916122
P300,ISFL,874370.8198,3516.513825,0,3033.855064,72123.00904,25374.06054,13238.64028,0,0,0,8343.101428,0
